panel,series,point,x,y
binary,Mean,0,-2.5,0.03718736530866841
binary,Mean,1,-2.45,0.03844835337421058
binary,Mean,2,-2.4,0.039750335012962365
binary,Mean,3,-2.35,0.04109452155623866
binary,Mean,4,-2.3,0.042482151799891135
binary,Mean,5,-2.25,0.04391449203645952
binary,Mean,6,-2.2,0.04539283603680591
binary,Mean,7,-2.15,0.046918504977203686
binary,Mean,8,-2.1,0.048492847307678416
binary,Mean,9,-2.05,0.050117238557223165
binary,Mean,10,-2.0,0.0517930810713395
binary,Mean,11,-1.95,0.05352180367718801
binary,Mean,12,-1.9,0.05530486127146938
binary,Mean,13,-1.85,0.05714373432600228
binary,Mean,14,-1.7999999999999998,0.05903992830581693
binary,Mean,15,-1.75,0.06099497299444783
binary,Mean,16,-1.7,0.063010421720985
binary,Mean,17,-1.65,0.0650878504833354
binary,Mean,18,-1.6,0.06722885696205441
binary,Mean,19,-1.5499999999999998,0.06943505941903678
binary,Mean,20,-1.5,0.07170809547530768
binary,Mean,21,-1.45,0.07404962076213241
binary,Mean,22,-1.4,0.07646130743966881
binary,Mean,23,-1.3499999999999999,0.07894484257742544
binary,Mean,24,-1.2999999999999998,0.08150192639086208
binary,Mean,25,-1.25,0.08413427032858123
binary,Mean,26,-1.2,0.08684359500471599
binary,Mean,27,-1.15,0.08963162797132013
binary,Mean,28,-1.0999999999999999,0.09250010132581912
binary,Mean,29,-1.0499999999999998,0.09545074914888595
binary,Mean,30,-1.0,0.09848530476847006
binary,Mean,31,-0.95,0.10160549784613236
binary,Mean,32,-0.8999999999999999,0.1048130512823301
binary,Mean,33,-0.8499999999999999,0.10810967793785416
binary,Mean,34,-0.7999999999999998,0.11149707716925303
binary,Mean,35,-0.75,0.1149769311767833
binary,Mean,36,-0.7,0.1185509011642103
binary,Mean,37,-0.6499999999999999,0.12222062331064736
binary,Mean,38,-0.5999999999999999,0.12598770455556518
binary,Mean,39,-0.5499999999999998,0.12985371819913386
binary,Mean,40,-0.5,0.13382019932116831
binary,Mean,41,-0.44999999999999973,0.13788864002314477
binary,Mean,42,-0.3999999999999999,0.14206048449902903
binary,Mean,43,-0.3500000000000001,0.14633712394201528
binary,Mean,44,-0.2999999999999998,0.15071989129570304
binary,Mean,45,-0.25,0.1552100558597445
binary,Mean,46,-0.19999999999999973,0.15980881776156422
binary,Mean,47,-0.1499999999999999,0.16451730230737996
binary,Mean,48,-0.09999999999999964,0.1693365542274354
binary,Mean,49,-0.04999999999999982,0.17426753183207322
binary,Mean,50,0.0,0.17931110109702922
binary,Mean,51,0.050000000000000266,0.18446802969809473
binary,Mean,52,0.10000000000000009,0.1897389810170618
binary,Mean,53,0.15000000000000036,0.19512450814262677
binary,Mean,54,0.20000000000000018,0.20062504789164615
binary,Mean,55,0.25,0.20624091487782237
binary,Mean,56,0.30000000000000027,0.21197229565649656
binary,Mean,57,0.3500000000000001,0.2178192429757457
binary,Mean,58,0.40000000000000036,0.22378167016538314
binary,Mean,59,0.4500000000000002,0.22985934569672753
binary,Mean,60,0.5,0.23605188794711554
binary,Mean,61,0.5500000000000003,0.2423587602040567
binary,Mean,62,0.6000000000000001,0.2487792659446485
binary,Mean,63,0.6500000000000004,0.25531254442635926
binary,Mean,64,0.7000000000000002,0.2619575666255207
binary,Mean,65,0.75,0.26871313155983945
binary,Mean,66,0.8000000000000003,0.27557786303090176
binary,Mean,67,0.8500000000000001,0.2825502068220105
binary,Mean,68,0.9000000000000004,0.28962842838572467
binary,Mean,69,0.9500000000000002,0.2968106110541672
binary,Mean,70,1.0,0.3040946548035185
binary,Mean,71,1.0500000000000003,0.31147827560210833
binary,Mean,72,1.1,0.31895900536916305
binary,Mean,73,1.1500000000000004,0.3265341925685629
binary,Mean,74,1.2000000000000002,0.33420100345891185
binary,Mean,75,1.25,0.3419564240178539
binary,Mean,76,1.3000000000000003,0.3497972625548774
binary,Mean,77,1.35,0.3577201530228798
binary,Mean,78,1.4000000000000004,0.36572155903453113
binary,Mean,79,1.4500000000000002,0.37379777858501356
binary,Mean,80,1.5,0.38194494947806756
binary,Mean,81,1.5499999999999998,0.390159055447477
binary,Mean,82,1.6000000000000005,0.39843593296123087
binary,Mean,83,1.6500000000000004,0.40677127869064594
binary,Mean,84,1.7000000000000002,0.41516065762178717
binary,Mean,85,1.75,0.42359951178162053
binary,Mean,86,1.7999999999999998,0.43208316954654713
binary,Mean,87,1.8500000000000005,0.44060685549633577
binary,Mean,88,1.9000000000000004,0.44916570077206386
binary,Mean,89,1.9500000000000002,0.4577547538925397
binary,Mean,90,2.0,0.46636899197985743
binary,Mean,91,2.05,0.4750033323412949
binary,Mean,92,2.1000000000000005,0.48365264435173216
binary,Mean,93,2.1500000000000004,0.49231176157818596
binary,Mean,94,2.2,0.5009754940859688
binary,Mean,95,2.25,0.5096386408643987
binary,Mean,96,2.3000000000000007,0.5182960023089485
binary,Mean,97,2.3500000000000005,0.526942392696224
binary,Mean,98,2.4000000000000004,0.535572652588234
binary,Mean,99,2.45,0.5441816611030168
binary,Mean,100,2.5,0.5527643479898681
continuous,Mean,0,-2.5,35.0
continuous,Mean,1,-2.45,35.1
continuous,Mean,2,-2.4,35.2
continuous,Mean,3,-2.35,35.3
continuous,Mean,4,-2.3,35.4
continuous,Mean,5,-2.25,35.5
continuous,Mean,6,-2.2,35.6
continuous,Mean,7,-2.15,35.7
continuous,Mean,8,-2.1,35.8
continuous,Mean,9,-2.05,35.9
continuous,Mean,10,-2.0,36.0
continuous,Mean,11,-1.95,36.1
continuous,Mean,12,-1.9,36.2
continuous,Mean,13,-1.85,36.3
continuous,Mean,14,-1.7999999999999998,36.4
continuous,Mean,15,-1.75,36.5
continuous,Mean,16,-1.7,36.6
continuous,Mean,17,-1.65,36.7
continuous,Mean,18,-1.6,36.8
continuous,Mean,19,-1.5499999999999998,36.9
continuous,Mean,20,-1.5,37.0
continuous,Mean,21,-1.45,37.1
continuous,Mean,22,-1.4,37.2
continuous,Mean,23,-1.3499999999999999,37.3
continuous,Mean,24,-1.2999999999999998,37.4
continuous,Mean,25,-1.25,37.5
continuous,Mean,26,-1.2,37.6
continuous,Mean,27,-1.15,37.7
continuous,Mean,28,-1.0999999999999999,37.8
continuous,Mean,29,-1.0499999999999998,37.9
continuous,Mean,30,-1.0,38.0
continuous,Mean,31,-0.95,38.1
continuous,Mean,32,-0.8999999999999999,38.2
continuous,Mean,33,-0.8499999999999999,38.3
continuous,Mean,34,-0.7999999999999998,38.4
continuous,Mean,35,-0.75,38.5
continuous,Mean,36,-0.7,38.6
continuous,Mean,37,-0.6499999999999999,38.7
continuous,Mean,38,-0.5999999999999999,38.8
continuous,Mean,39,-0.5499999999999998,38.9
continuous,Mean,40,-0.5,39.0
continuous,Mean,41,-0.44999999999999973,39.1
continuous,Mean,42,-0.3999999999999999,39.2
continuous,Mean,43,-0.3500000000000001,39.3
continuous,Mean,44,-0.2999999999999998,39.4
continuous,Mean,45,-0.25,39.5
continuous,Mean,46,-0.19999999999999973,39.6
continuous,Mean,47,-0.1499999999999999,39.7
continuous,Mean,48,-0.09999999999999964,39.8
continuous,Mean,49,-0.04999999999999982,39.9
continuous,Mean,50,0.0,40.0
continuous,Mean,51,0.050000000000000266,40.1
continuous,Mean,52,0.10000000000000009,40.2
continuous,Mean,53,0.15000000000000036,40.3
continuous,Mean,54,0.20000000000000018,40.4
continuous,Mean,55,0.25,40.5
continuous,Mean,56,0.30000000000000027,40.6
continuous,Mean,57,0.3500000000000001,40.7
continuous,Mean,58,0.40000000000000036,40.8
continuous,Mean,59,0.4500000000000002,40.9
continuous,Mean,60,0.5,41.0
continuous,Mean,61,0.5500000000000003,41.1
continuous,Mean,62,0.6000000000000001,41.2
continuous,Mean,63,0.6500000000000004,41.3
continuous,Mean,64,0.7000000000000002,41.4
continuous,Mean,65,0.75,41.5
continuous,Mean,66,0.8000000000000003,41.6
continuous,Mean,67,0.8500000000000001,41.7
continuous,Mean,68,0.9000000000000004,41.8
continuous,Mean,69,0.9500000000000002,41.9
continuous,Mean,70,1.0,42.0
continuous,Mean,71,1.0500000000000003,42.1
continuous,Mean,72,1.1,42.2
continuous,Mean,73,1.1500000000000004,42.3
continuous,Mean,74,1.2000000000000002,42.4
continuous,Mean,75,1.25,42.5
continuous,Mean,76,1.3000000000000003,42.6
continuous,Mean,77,1.35,42.7
continuous,Mean,78,1.4000000000000004,42.8
continuous,Mean,79,1.4500000000000002,42.9
continuous,Mean,80,1.5,43.0
continuous,Mean,81,1.5499999999999998,43.1
continuous,Mean,82,1.6000000000000005,43.2
continuous,Mean,83,1.6500000000000004,43.3
continuous,Mean,84,1.7000000000000002,43.4
continuous,Mean,85,1.75,43.5
continuous,Mean,86,1.7999999999999998,43.6
continuous,Mean,87,1.8500000000000005,43.7
continuous,Mean,88,1.9000000000000004,43.8
continuous,Mean,89,1.9500000000000002,43.9
continuous,Mean,90,2.0,44.0
continuous,Mean,91,2.05,44.1
continuous,Mean,92,2.1000000000000005,44.2
continuous,Mean,93,2.1500000000000004,44.3
continuous,Mean,94,2.2,44.4
continuous,Mean,95,2.25,44.5
continuous,Mean,96,2.3000000000000007,44.6
continuous,Mean,97,2.3500000000000005,44.7
continuous,Mean,98,2.4000000000000004,44.8
continuous,Mean,99,2.45,44.9
continuous,Mean,100,2.5,45.0
count,Mean,0,-2.5,0.6917970383608028
count,Mean,1,-2.45,0.7103970421181689
count,Mean,2,-2.4,0.7294971349487607
count,Mean,3,-2.35,0.7491107624993865
count,Mean,4,-2.3,0.7692517319232902
count,Mean,5,-2.25,0.7899342215997945
count,Mean,6,-2.2,0.8111727911152733
count,Mean,7,-2.15,0.8329823915124759
count,Mean,8,-2.1,0.8553783758154201
count,Mean,9,-2.05,0.8783765098372643
count,Mean,10,-2.0,0.9019929832787629
count,Mean,11,-1.95,0.926244421125123
count,Mean,12,-1.9,0.9511478953492803
count,Mean,13,-1.85,0.976720936929838
count,Mean,14,-1.7999999999999998,1.0029815481921232
count,Mean,15,-1.75,1.0299482154810524
count,Mean,16,-1.7,1.057639922174727
count,Mean,17,-1.65,1.0860761620479173
count,Mean,18,-1.6,1.1152769529948443
count,Mean,19,-1.5499999999999998,1.1452628511209202
count,Mean,20,-1.5,1.1760549652133645
count,Mean,21,-1.45,1.2076749716008872
count,Mean,22,-1.4,1.2401451294128931
count,Mean,23,-1.3499999999999999,1.273488296248957
count,Mean,24,-1.2999999999999998,1.3077279442695933
count,Mean,25,-1.25,1.3428881767196506
count,Mean,26,-1.2,1.3789937448959646
count,Mean,27,-1.15,1.4160700655712088
count,Mean,28,-1.0999999999999999,1.4541432388862143
count,Mean,29,-1.0499999999999998,1.4932400667233494
count,Mean,30,-1.0,1.5333880715738968
count,Mean,31,-0.95,1.5746155159127087
count,Mean,32,-0.8999999999999999,1.6169514220937764
count,Mean,33,-0.8499999999999999,1.6604255927807248
count,Mean,34,-0.7999999999999998,1.7050686319266095
count,Mean,35,-0.75,1.750911966317789
count,Mean,36,-0.7,1.797987867697036
count,Mean,37,-0.6499999999999999,1.8463294754814596
count,Mean,38,-0.5999999999999999,1.8959708200912355
count,Mean,39,-0.5499999999999998,1.9469468469055646
count,Mean,40,-0.5,1.9992934408627199
count,Mean,41,-0.44999999999999973,2.0530474517215085
count,Mean,42,-0.3999999999999999,2.1082467200019184
count,Mean,43,-0.3500000000000001,2.1649301036232265
count,Mean,44,-0.2999999999999998,2.2231375052583084
count,Mean,45,-0.25,2.282909900423406
count,Mean,46,-0.19999999999999973,2.34428936632314
count,Mean,47,-0.1499999999999999,2.4073191114710553
count,Mean,48,-0.09999999999999964,2.4720435061065644
count,Mean,49,-0.04999999999999982,2.538508113429694
count,Mean,50,0.0,2.6067597216756244
count,Mean,51,0.050000000000000266,2.676846377051605
count,Mean,52,0.10000000000000009,2.7488174175594198
count,Mean,53,0.15000000000000036,2.822723507727232
count,Mean,54,0.20000000000000018,2.898616674275236
count,Mean,55,0.25,2.9765503427402416
count,Mean,56,0.30000000000000027,3.0565793750849615
count,Mean,57,0.3500000000000001,3.138760108318481
count,Mean,58,0.40000000000000036,3.2231503941551005
count,Mean,59,0.4500000000000002,3.309809639739459
count,Mean,60,0.5,3.3987988494666235
count,Mean,61,0.5500000000000003,3.490180667926564
count,Mean,62,0.6000000000000001,3.5840194240032606
count,Mean,63,0.6500000000000004,3.680381176159486
count,Mean,64,0.7000000000000002,3.779333758939124
count,Mean,65,0.75,3.8809468307197896
count,Mean,66,0.8000000000000003,3.985291922749339
count,Mean,67,0.8500000000000001,4.092442489500794
count,Mean,68,0.9000000000000004,4.202473960381159
count,Mean,69,0.9500000000000002,4.315463792830479
count,Mean,70,1.0,4.4314915268485615
count,Mean,71,1.0500000000000003,4.550638840987729
count,Mean,72,1.1,4.672989609851014
count,Mean,73,1.1500000000000004,4.798629963136294
count,Mean,74,1.2000000000000002,4.9276483462679
count,Mean,75,1.25,5.060135582658409
count,Mean,76,1.3000000000000003,5.196184937644435
count,Mean,77,1.35,5.335892184141418
count,Mean,78,1.4000000000000004,5.47935567006367
count,Mean,79,1.4500000000000002,5.62667638755708
count,Mean,80,1.5,5.7779580440932605
count,Mean,81,1.5499999999999998,5.933307135475157
count,Mean,82,1.6000000000000005,6.092833020805545
count,Mean,83,1.6500000000000004,6.256647999471126
count,Mean,84,1.7000000000000002,6.424867390196511
count,Mean,85,1.75,6.597609612223643
count,Mean,86,1.7999999999999998,6.774996268673873
count,Mean,87,1.8500000000000005,6.95715223215135
count,Mean,88,1.9000000000000004,7.144205732647971
count,Mean,89,1.9500000000000002,7.336288447811815
count,Mean,90,2.0,7.533535595642556
count,Mean,91,2.05,7.7360860296791385
count,Mean,92,2.1000000000000005,7.944082336746723
count,Mean,93,2.1500000000000004,8.1576709373317
count,Mean,94,2.2,8.37700218865543
count,Mean,95,2.25,8.602230490519295
count,Mean,96,2.3000000000000007,8.833514393995543
count,Mean,97,2.3500000000000005,9.071016713040414
count,Mean,98,2.4000000000000004,9.314904639108242
count,Mean,99,2.45,9.56534985884704
count,Mean,100,2.5,9.822528674958544
ordinal,Low,0,-2.5,0.6893730300897533
ordinal,Low,1,-2.45,0.6819033001131686
ordinal,Low,2,-2.4,0.6743387995032202
ordinal,Low,3,-2.35,0.6666823412012484
ordinal,Low,4,-2.3,0.6589369186848244
ordinal,Low,5,-2.25,0.6511057034344618
ordinal,Low,6,-2.2,0.6431920417025332
ordinal,Low,7,-2.15,0.6351994505778579
ordinal,Low,8,-2.1,0.6271316133438641
ordinal,Low,9,-2.05,0.6189923741328488
ordinal,Low,10,-2.0,0.610785731883651
ordinal,Low,11,-1.95,0.6025158336149353
ordinal,Low,12,-1.9,0.5941869670312314
ordinal,Low,13,-1.85,0.5858035524838291
ordinal,Low,14,-1.7999999999999998,0.5773701343135341
ordinal,Low,15,-1.75,0.5688913716070985
ordinal,Low,16,-1.7,0.5603720284037825
ordinal,Low,17,-1.65,0.5518169633929497
ordinal,Low,18,-1.6,0.5432311191477627
ordinal,Low,19,-1.5499999999999998,0.534619510943906
ordinal,Low,20,-1.5,0.5259872152157546
ordinal,Low,21,-1.45,0.5173393577054817
ordinal,Low,22,-1.4,0.5086811013632425
ordinal,Low,23,-1.3499999999999999,0.5000176340587085
ordinal,Low,24,-1.2999999999999998,0.4913541561658735
ordinal,Low,25,-1.25,0.48269586808415055
ordinal,Low,26,-1.2,0.47404795775933944
ordinal,Low,27,-1.15,0.46541558826804535
ordinal,Low,28,-1.0999999999999999,0.4568038855285715
ordinal,Low,29,-1.0499999999999998,0.44821792620020917
ordinal,Low,30,-1.0,0.43966272583121546
ordinal,Low,31,-0.95,0.43114322731361615
ordinal,Low,32,-0.8999999999999999,0.4226642897003445
ordinal,Low,33,-0.8499999999999999,0.41423067743714614
ordinal,Low,34,-0.7999999999999998,0.40584705005819205
ordinal,Low,35,-0.75,0.3975179523904827
ordinal,Low,36,-0.7,0.38924780530796327
ordinal,Low,37,-0.6499999999999999,0.38104089707182476
ordinal,Low,38,-0.5999999999999999,0.3729013752888256
ordinal,Low,39,-0.5499999999999998,0.3648332395146563
ordinal,Low,40,-0.5,0.3568403345244693
ordinal,Low,41,-0.44999999999999973,0.3489263442677373
ordinal,Low,42,-0.3999999999999999,0.34109478651966213
ordinal,Low,43,-0.3500000000000001,0.3333490082364602
ordinal,Low,44,-0.2999999999999998,0.3256921816170775
ordinal,Low,45,-0.25,0.31812730086925056
ordinal,Low,46,-0.19999999999999973,0.3106571796733939
ordinal,Low,47,-0.1499999999999999,0.30328444933359555
ordinal,Low,48,-0.09999999999999964,0.2960115576010472
ordinal,Low,49,-0.04999999999999982,0.2888407681515966
ordinal,Low,50,0.0,0.2817741606957576
ordinal,Low,51,0.050000000000000266,0.2748136316965131
ordinal,Low,52,0.10000000000000009,0.2679608956675738
ordinal,Low,53,0.15000000000000036,0.26121748702244024
ordinal,Low,54,0.20000000000000018,0.2545847624426545
ordinal,Low,55,0.25,0.2480639037320107
ordinal,Low,56,0.30000000000000027,0.24165592112223339
ordinal,Low,57,0.3500000000000001,0.23536165699469774
ordinal,Low,58,0.40000000000000036,0.2291817899821648
ordinal,Low,59,0.4500000000000002,0.22311683941420626
ordinal,Low,60,0.5,0.21716717006998806
ordinal,Low,61,0.5500000000000003,0.2113329972023484
ordinal,Low,62,0.6000000000000001,0.2056143917976209
ordinal,Low,63,0.6500000000000004,0.20001128603639579
ordinal,Low,64,0.7000000000000002,0.19452347892135935
ordinal,Low,65,0.75,0.18915064203947765
ordinal,Low,66,0.8000000000000003,0.18389232542707562
ordinal,Low,67,0.8500000000000001,0.17874796350777658
ordinal,Low,68,0.9000000000000004,0.17371688107479685
ordinal,Low,69,0.9500000000000002,0.1687982992907032
ordinal,Low,70,1.0,0.1639913416794243
ordinal,Low,71,1.0500000000000003,0.15929504008703668
ordinal,Low,72,1.1,0.1547083405896041
ordinal,Low,73,1.1500000000000004,0.150230109328119
ordinal,Low,74,1.2000000000000002,0.14585913825236105
ordinal,Low,75,1.25,0.14159415075723458
ordinal,Low,76,1.3000000000000003,0.13743380719686343
ordinal,Low,77,1.35,0.1333767102633962
ordinal,Low,78,1.4000000000000004,0.12942141021909673
ordinal,Low,79,1.4500000000000002,0.12556640997185783
ordinal,Low,80,1.5,0.12181016998577109
ordinal,Low,81,1.5499999999999998,0.118151113019809
ordinal,Low,82,1.6000000000000005,0.11458762868902292
ordinal,Low,83,1.6500000000000004,0.11111807784392587
ordinal,Low,84,1.7000000000000002,0.10774079676491485
ordinal,Low,85,1.75,0.10445410116969059
ordinal,Low,86,1.7999999999999998,0.10125629003264897
ordinal,Low,87,1.8500000000000005,0.09814564921615658
ordinal,Low,88,1.9000000000000004,0.09512045491447789
ordinal,Low,89,1.9500000000000002,0.09217897691189395
ordinal,Low,90,2.0,0.08931948165725409
ordinal,Low,91,2.05,0.08654023515782178
ordinal,Low,92,2.1000000000000005,0.08383950569582921
ordinal,Low,93,2.1500000000000004,0.0812155663716376
ordinal,Low,94,2.2,0.07866669747781736
ordinal,Low,95,2.25,0.07619118870882223
ordinal,Low,96,2.3000000000000007,0.07378734121122826
ordinal,Low,97,2.3500000000000005,0.07145346947975602
ordinal,Low,98,2.4000000000000004,0.06918790310449108
ordinal,Low,99,2.45,0.06698898837486827
ordinal,Low,100,2.5,0.06485508974609254
ordinal,Middle,0,-2.5,0.24577748034414781
ordinal,Middle,1,-2.45,0.25111348275390355
ordinal,Middle,2,-2.4,0.25647924402845335
ordinal,Middle,3,-2.35,0.26187031573190334
ordinal,Middle,4,-2.3,0.2672820507226292
ordinal,Middle,5,-2.25,0.2727096071526286
ordinal,Middle,6,-2.2,0.27814795330221265
ordinal,Middle,7,-2.15,0.2835918732622512
ordinal,Middle,8,-2.1,0.28903597347162857
ordinal,Middle,9,-2.05,0.2944746901128048
ordinal,Middle,10,-2.0,0.2999022973633847
ordinal,Middle,11,-1.95,0.30531291649647063
ordinal,Middle,12,-1.9,0.3107005258173261
ordinal,Middle,13,-1.85,0.31605897141856876
ordinal,Middle,14,-1.7999999999999998,0.3213819787307829
ordinal,Middle,15,-1.75,0.32666316484015534
ordinal,Middle,16,-1.7,0.3318960515395396
ordinal,Middle,17,-1.65,0.3370740790742912
ordinal,Middle,18,-1.6,0.3421906205393458
ordinal,Middle,19,-1.5499999999999998,0.34723899687938764
ordinal,Middle,20,-1.5,0.3522124924395995
ordinal,Middle,21,-1.45,0.35710437101048176
ordinal,Middle,22,-1.4,0.3619078923065625
ordinal,Middle,23,-1.3499999999999999,0.3666163288155816
ordinal,Middle,24,-1.2999999999999998,0.3712229829519007
ordinal,Middle,25,-1.25,0.37572120444552726
ordinal,Middle,26,-1.2,0.38010440789623096
ordinal,Middle,27,-1.15,0.38436609042081177
ordinal,Middle,28,-1.0999999999999999,0.38849984932063525
ordinal,Middle,29,-1.0499999999999998,0.3924993996960938
ordinal,Middle,30,-1.0,0.39635859193465983
ordinal,Middle,31,-0.95,0.40007142899967546
ordinal,Middle,32,-0.8999999999999999,0.40363208344793605
ordinal,Middle,33,-0.8499999999999999,0.40703491410545634
ordinal,Middle,34,-0.7999999999999998,0.41027448233253044
ordinal,Middle,35,-0.75,0.41334556781128573
ordinal,Middle,36,-0.7,0.41624318379133846
ordinal,Middle,37,-0.6499999999999999,0.41896259173186745
ordinal,Middle,38,-0.5999999999999999,0.4214993152813882
ordinal,Middle,39,-0.5499999999999998,0.4238491535397001
ordinal,Middle,40,-0.5,0.4260081935498562
ordinal,Middle,41,-0.44999999999999973,0.42797282197154496
ordinal,Middle,42,-0.3999999999999999,0.42973973589093256
ordinal,Middle,43,-0.3500000000000001,0.4313059527257814
ordinal,Middle,44,-0.2999999999999998,0.43266881918848793
ordinal,Middle,45,-0.25,0.43382601927357733
ordinal,Middle,46,-0.19999999999999973,0.43477558124010574
ordinal,Middle,47,-0.1499999999999999,0.43551588356336646
ordinal,Middle,48,-0.09999999999999964,0.43604565983423854
ordinal,Middle,49,-0.04999999999999982,0.43636400258847
ordinal,Middle,50,0.0,0.436470366052127
ordinal,Middle,51,0.050000000000000266,0.436364567793382
ordinal,Middle,52,0.10000000000000009,0.43604678927474355
ordinal,Middle,53,0.15000000000000036,0.43551757530376073
ordinal,Middle,54,0.20000000000000018,0.43477783238415835
ordinal,Middle,55,0.25,0.4338288259732902
ordinal,Middle,56,0.30000000000000027,0.4326721766557278
ordinal,Middle,57,0.3500000000000001,0.4313098552467403
ordinal,Middle,58,0.40000000000000036,0.42974417684336563
ordinal,Middle,59,0.4500000000000002,0.4279777938447219
ordinal,Middle,60,0.5,0.42601368796715366
ordinal,Middle,61,0.5500000000000003,0.42385516128375034
ordinal,Middle,62,0.6000000000000001,0.4215058263216901
ordinal,Middle,63,0.6500000000000004,0.418969595254754
ordinal,Middle,64,0.7000000000000002,0.4162506682321886
ordinal,Middle,65,0.75,0.41335352088885313
ordinal,Middle,66,0.8000000000000003,0.41028289108525623
ordinal,Middle,67,0.8500000000000001,0.40704376492962335
ordinal,Middle,68,0.9000000000000004,0.4036413621375087
ordinal,Middle,69,0.9500000000000002,0.4000811207876692
ordinal,Middle,70,1.0,0.3963686815358691
ordinal,Middle,71,1.0500000000000003,0.39250987135100457
ordinal,Middle,72,1.1,0.3885106868403411
ordinal,Middle,73,1.1500000000000004,0.38437727723274806
ordinal,Middle,74,1.2000000000000002,0.38011592709053654
ordinal,Middle,75,1.25,0.37573303882183906
ordinal,Middle,76,1.3000000000000003,0.3712351150663898
ordinal,Middle,77,1.35,0.3666287410280325
ordinal,Middle,78,1.4000000000000004,0.3619205668273011
ordinal,Middle,79,1.4500000000000002,0.35711728994695824
ordinal,Middle,80,1.5,0.35222563784243854
ordinal,Middle,81,1.5499999999999998,0.34725235078771777
ordinal,Middle,82,1.6000000000000005,0.3422041650252289
ordinal,Middle,83,1.6500000000000004,0.3370877962860795
ordinal,Middle,84,1.7000000000000002,0.3319099237439953
ordinal,Middle,85,1.75,0.3266771744631769
ordinal,Middle,86,1.7999999999999998,0.32139610839659244
ordinal,Middle,87,1.8500000000000005,0.3160732039872272
ordinal,Middle,88,1.9000000000000004,0.3107148444204527
ordinal,Middle,89,1.9500000000000002,0.3053273045710583
ordinal,Middle,90,2.0,0.29991673868361346
ordinal,Middle,91,2.05,0.2944891688197717
ordinal,Middle,92,2.1000000000000005,0.28905047410092594
ordinal,Middle,93,2.1500000000000004,0.28360638076933775
ordinal,Middle,94,2.2,0.2781624530855369
ordinal,Middle,95,2.25,0.2727240850744786
ordinal,Middle,96,2.3000000000000007,0.26729649312769815
ordinal,Middle,97,2.3500000000000005,0.26188470946356834
ordinal,Middle,98,2.4000000000000004,0.25649357644278514
ordinal,Middle,99,2.45,0.251127741731432
ordinal,Middle,100,2.5,0.24579165429942146
ordinal,High,0,-2.5,0.06484948956609893
ordinal,High,1,-2.45,0.06698321713292787
ordinal,High,2,-2.4,0.06918195646832648
ordinal,High,3,-2.35,0.0714473430668483
ordinal,High,4,-2.3,0.07378103059254637
ordinal,High,5,-2.25,0.07618468941290957
ordinal,High,6,-2.2,0.07866000499525416
ordinal,High,7,-2.15,0.08120867615989091
ordinal,High,8,-2.1,0.08383241318450729
ordinal,High,9,-2.05,0.0865329357543464
ordinal,High,10,-2.0,0.08931197075296426
ordinal,High,11,-1.95,0.09217124988859404
ordinal,High,12,-1.9,0.09511250715144248
ordinal,High,13,-1.85,0.09813747609760215
ordinal,High,14,-1.7999999999999998,0.10124788695568299
ordinal,High,15,-1.75,0.1044454635527462
ordinal,High,16,-1.7,0.10773192005667787
ordinal,High,17,-1.65,0.11110895753275907
ordinal,High,18,-1.6,0.11457826031289153
ordinal,High,19,-1.5499999999999998,0.11814149217670633
ordinal,High,20,-1.5,0.12180029234464584
ordinal,High,21,-1.45,0.12555627128403657
ordinal,High,22,-1.4,0.12941100633019498
ordinal,High,23,-1.3499999999999999,0.13336603712570994
ordinal,High,24,-1.2999999999999998,0.13742286088222577
ordinal,High,25,-1.25,0.1415829274703222
ordinal,High,26,-1.2,0.1458476343444296
ordinal,High,27,-1.15,0.15021832131114288
ordinal,High,28,-1.0999999999999999,0.15469626515079327
ordinal,High,29,-1.0499999999999998,0.159282674103697
ordinal,High,30,-1.0,0.1639786822341247
ordinal,High,31,-0.95,0.1687853436867084
ordinal,High,32,-0.8999999999999999,0.17370362685171947
ordinal,High,33,-0.8499999999999999,0.17873440845739752
ordinal,High,34,-0.7999999999999998,0.1838784676092775
ordinal,High,35,-0.75,0.18913647979823156
ordinal,High,36,-0.7,0.19450901090069828
ordinal,High,37,-0.6499999999999999,0.1999965111963078
ordinal,High,38,-0.5999999999999999,0.20559930942978621
ordinal,High,39,-0.5499999999999998,0.2113176069456436
ordinal,High,40,-0.5,0.21715147192567452
ordinal,High,41,-0.44999999999999973,0.22310083376071776
ordinal,High,42,-0.3999999999999999,0.2291654775894053
ordinal,High,43,-0.3500000000000001,0.23534503903775839
ordinal,High,44,-0.2999999999999998,0.24163899919443455
ordinal,High,45,-0.25,0.2480466798571721
ordinal,High,46,-0.19999999999999973,0.25456723908650036
ordinal,High,47,-0.1499999999999999,0.261199667103038
ordinal,High,48,-0.09999999999999964,0.26794278256471427
ordinal,High,49,-0.04999999999999982,0.2747952292599334
ordinal,High,50,0.0,0.28175547325211536
ordinal,High,51,0.050000000000000266,0.28882180051010486
ordinal,High,52,0.10000000000000009,0.29599231505768264
ordinal,High,53,0.15000000000000036,0.30326493767379903
ordinal,High,54,0.20000000000000018,0.31063740517318716
ordinal,High,55,0.25,0.3181072702946991
ordinal,High,56,0.30000000000000027,0.3256719022220388
ordinal,High,57,0.3500000000000001,0.33332848775856194
ordinal,High,58,0.40000000000000036,0.3410740331744696
ordinal,High,59,0.4500000000000002,0.34890536674107187
ordinal,High,60,0.5,0.35681914196285824
ordinal,High,61,0.5500000000000003,0.3648118415139012
ordinal,High,62,0.6000000000000001,0.37287978188068904
ordinal,High,63,0.6500000000000004,0.3810191187088502
ordinal,High,64,0.7000000000000002,0.38922585284645206
ordinal,High,65,0.75,0.39749583707166924
ordinal,High,66,0.8000000000000003,0.40582478348766815
ordinal,High,67,0.8500000000000001,0.4142082715626001
ordinal,High,68,0.9000000000000004,0.42264175678769444
ordinal,High,69,0.9500000000000002,0.43112057992162756
ordinal,High,70,1.0,0.43963997678470657
ordinal,High,71,1.0500000000000003,0.4481950885619588
ordinal,High,72,1.1,0.4567809725700548
ordinal,High,73,1.1500000000000004,0.46539261343913296
ordinal,High,74,1.2000000000000002,0.4740249346571024
ordinal,High,75,1.25,0.48267281042092636
ordinal,High,76,1.3000000000000003,0.4913310777367468
ordinal,High,77,1.35,0.4999945487085713
ordinal,High,78,1.4000000000000004,0.5086580229536022
ordinal,High,79,1.4500000000000002,0.5173163000811839
ordinal,High,80,1.5,0.5259641921717904
ordinal,High,81,1.5499999999999998,0.5345965361924732
ordinal,High,82,1.6000000000000005,0.5432082062857482
ordinal,High,83,1.6500000000000004,0.5517941258699947
ordinal,High,84,1.7000000000000002,0.5603492794910898
ordinal,High,85,1.75,0.5688687243671324
ordinal,High,86,1.7999999999999998,0.5773476015707586
ordinal,High,87,1.8500000000000005,0.5857811467966162
ordinal,High,88,1.9000000000000004,0.5941647006650694
ordinal,High,89,1.9500000000000002,0.6024937185170478
ordinal,High,90,2.0,0.6107637796591325
ordinal,High,91,2.05,0.6189705960224066
ordinal,High,92,2.1000000000000005,0.6271100202032449
ordinal,High,93,2.1500000000000004,0.6351780528590246
ordinal,High,94,2.2,0.6431708494366457
ordinal,High,95,2.25,0.6510847262166992
ordinal,High,96,2.3000000000000007,0.6589161656610736
ordinal,High,97,2.3500000000000005,0.6666618210566757
ordinal,High,98,2.4000000000000004,0.6743185204527238
ordinal,High,99,2.45,0.6818832698936997
ordinal,High,100,2.5,0.6893532559544859
survival,-1 SD,0,0.0,1.0
survival,-1 SD,1,0.1,0.998128858390667
survival,-1 SD,2,0.2,0.9962612179522562
survival,-1 SD,3,0.30000000000000004,0.9943970721335809
survival,-1 SD,4,0.4,0.9925364143957128
survival,-1 SD,5,0.5,0.9906792382119588
survival,-1 SD,6,0.6000000000000001,0.988825537067838
survival,-1 SD,7,0.7000000000000001,0.9869753044610593
survival,-1 SD,8,0.8,0.9851285339014981
survival,-1 SD,9,0.9,0.9832852189111738
survival,-1 SD,10,1.0,0.981445353024227
survival,-1 SD,11,1.1,0.9796089297868968
survival,-1 SD,12,1.2000000000000002,0.9777759427574984
survival,-1 SD,13,1.3,0.9759463855064
survival,-1 SD,14,1.4000000000000001,0.9741202516160008
survival,-1 SD,15,1.5,0.9722975346807081
survival,-1 SD,16,1.6,0.9704782283069151
survival,-1 SD,17,1.7000000000000002,0.9686623261129783
survival,-1 SD,18,1.8,0.966849821729195
survival,-1 SD,19,1.9000000000000001,0.9650407087977813
survival,-1 SD,20,2.0,0.9632349809728495
survival,-1 SD,21,2.1,0.9614326319203861
survival,-1 SD,22,2.2,0.9596336553182293
survival,-1 SD,23,2.3000000000000003,0.9578380448560471
survival,-1 SD,24,2.4000000000000004,0.9560457942353147
survival,-1 SD,25,2.5,0.9542568971692932
survival,-1 SD,26,2.6,0.9524713473830067
survival,-1 SD,27,2.7,0.9506891386132209
survival,-1 SD,28,2.8000000000000003,0.9489102646084207
survival,-1 SD,29,2.9000000000000004,0.9471347191287887
survival,-1 SD,30,3.0,0.9453624959461828
survival,-1 SD,31,3.1,0.943593588844115
survival,-1 SD,32,3.2,0.9418279916177289
survival,-1 SD,33,3.3000000000000003,0.9400656980737785
survival,-1 SD,34,3.4000000000000004,0.938306702030606
survival,-1 SD,35,3.5,0.9365509973181204
survival,-1 SD,36,3.6,0.9347985777777761
survival,-1 SD,37,3.7,0.9330494372625509
survival,-1 SD,38,3.8000000000000003,0.9313035696369241
survival,-1 SD,39,3.9000000000000004,0.9295609687768561
survival,-1 SD,40,4.0,0.9278216285697658
survival,-1 SD,41,4.1000000000000005,0.9260855429145097
survival,-1 SD,42,4.2,0.9243527057213606
survival,-1 SD,43,4.3,0.9226231109119859
survival,-1 SD,44,4.4,0.9208967524194261
survival,-1 SD,45,4.5,0.9191736241880746
survival,-1 SD,46,4.6000000000000005,0.9174537201736548
survival,-1 SD,47,4.7,0.9157370343432005
survival,-1 SD,48,4.800000000000001,0.9140235606750338
survival,-1 SD,49,4.9,0.912313293158744
survival,-1 SD,50,5.0,0.910606225795167
survival,-1 SD,51,5.1000000000000005,0.9072791651963984
survival,-1 SD,52,5.2,0.9039642606008663
survival,-1 SD,53,5.300000000000001,0.9006614675944669
survival,-1 SD,54,5.4,0.897370741925371
survival,-1 SD,55,5.5,0.8940920395034317
survival,-1 SD,56,5.6000000000000005,0.890825316399593
survival,-1 SD,57,5.7,0.8875705288453013
survival,-1 SD,58,5.800000000000001,0.8843276332319194
survival,-1 SD,59,5.9,0.8810965861101419
survival,-1 SD,60,6.0,0.877877344189413
survival,-1 SD,61,6.1000000000000005,0.8746698643373466
survival,-1 SD,62,6.2,0.8714741035791486
survival,-1 SD,63,6.300000000000001,0.8682900190970405
survival,-1 SD,64,6.4,0.8651175682296867
survival,-1 SD,65,6.5,0.8619567084716215
survival,-1 SD,66,6.6000000000000005,0.8588073974726813
survival,-1 SD,67,6.7,0.8556695930374357
survival,-1 SD,68,6.800000000000001,0.852543253124623
survival,-1 SD,69,6.9,0.8494283358465866
survival,-1 SD,70,7.0,0.8463247994687139
survival,-1 SD,71,7.1000000000000005,0.8432326024088769
survival,-1 SD,72,7.2,0.8401517032368755
survival,-1 SD,73,7.300000000000001,0.837082060673882
survival,-1 SD,74,7.4,0.8340236335918882
survival,-1 SD,75,7.5,0.8309763810131544
survival,-1 SD,76,7.6000000000000005,0.8279402621096603
survival,-1 SD,77,7.7,0.8249152362025579
survival,-1 SD,78,7.800000000000001,0.8219012627616264
survival,-1 SD,79,7.9,0.8188983014047299
survival,-1 SD,80,8.0,0.8159063118972751
survival,-1 SD,81,8.1,0.8129252541516732
survival,-1 SD,82,8.200000000000001,0.8099550882268024
survival,-1 SD,83,8.3,0.806995774327473
survival,-1 SD,84,8.4,0.804047272803894
survival,-1 SD,85,8.5,0.8011095441511417
survival,-1 SD,86,8.6,0.7981825490086306
survival,-1 SD,87,8.700000000000001,0.7952662481595866
survival,-1 SD,88,8.8,0.7923606025305203
survival,-1 SD,89,8.9,0.7894655731907047
survival,-1 SD,90,9.0,0.7865811213516527
survival,-1 SD,91,9.1,0.7837072083665981
survival,-1 SD,92,9.200000000000001,0.7808437957299773
survival,-1 SD,93,9.3,0.7779908450769137
survival,-1 SD,94,9.4,0.7751483181827036
survival,-1 SD,95,9.5,0.7723161769623035
survival,-1 SD,96,9.600000000000001,0.769494383469821
survival,-1 SD,97,9.700000000000001,0.7666828998980054
survival,-1 SD,98,9.8,0.7638816885777414
survival,-1 SD,99,9.9,0.7610907119775446
survival,-1 SD,100,10.0,0.7583099327030586
survival,0 SD,0,0.0,1.0
survival,0 SD,1,0.1,0.9962612179522562
survival,0 SD,2,0.2,0.9925364143957128
survival,0 SD,3,0.30000000000000004,0.988825537067838
survival,0 SD,4,0.4,0.9851285339014981
survival,0 SD,5,0.5,0.981445353024227
survival,0 SD,6,0.6000000000000001,0.9777759427574984
survival,0 SD,7,0.7000000000000001,0.9741202516160008
survival,0 SD,8,0.8,0.9704782283069151
survival,0 SD,9,0.9,0.966849821729195
survival,0 SD,10,1.0,0.9632349809728495
survival,0 SD,11,1.1,0.9596336553182293
survival,0 SD,12,1.2000000000000002,0.9560457942353147
survival,0 SD,13,1.3,0.9524713473830067
survival,0 SD,14,1.4000000000000001,0.9489102646084207
survival,0 SD,15,1.5,0.9453624959461828
survival,0 SD,16,1.6,0.9418279916177289
survival,0 SD,17,1.7000000000000002,0.938306702030606
survival,0 SD,18,1.8,0.9347985777777761
survival,0 SD,19,1.9000000000000001,0.9313035696369241
survival,0 SD,20,2.0,0.9278216285697658
survival,0 SD,21,2.1,0.9243527057213606
survival,0 SD,22,2.2,0.9208967524194261
survival,0 SD,23,2.3000000000000003,0.9174537201736548
survival,0 SD,24,2.4000000000000004,0.9140235606750338
survival,0 SD,25,2.5,0.910606225795167
survival,0 SD,26,2.6,0.9072016675856002
survival,0 SD,27,2.7,0.9038098382771479
survival,0 SD,28,2.8000000000000003,0.900430690279223
survival,0 SD,29,2.9000000000000004,0.8970641761791694
survival,0 SD,30,3.0,0.8937102487415967
survival,0 SD,31,3.1,0.8903688609077168
survival,0 SD,32,3.2,0.8870399657946849
survival,0 SD,33,3.3000000000000003,0.8837235166949404
survival,0 SD,34,3.4000000000000004,0.8804194670755523
survival,0 SD,35,3.5,0.877127770577566
survival,0 SD,36,3.6,0.873848381015353
survival,0 SD,37,3.7,0.8705812523759627
survival,0 SD,38,3.8000000000000003,0.8673263388184771
survival,0 SD,39,3.9000000000000004,0.8640835946733672
survival,0 SD,40,4.0,0.8608529744418525
survival,0 SD,41,4.1000000000000005,0.8576344327952623
survival,0 SD,42,4.2,0.8544279245744004
survival,0 SD,43,4.3,0.8512334047889106
survival,0 SD,44,4.4,0.8480508286166459
survival,0 SD,45,4.5,0.8448801514030397
survival,0 SD,46,4.6000000000000005,0.8417213286604789
survival,0 SD,47,4.7,0.8385743160676801
survival,0 SD,48,4.800000000000001,0.8354390694690671
survival,0 SD,49,4.9,0.8323155448741523
survival,0 SD,50,5.0,0.8292036984569187
survival,0 SD,51,5.1000000000000005,0.8231554835994737
survival,0 SD,52,5.2,0.817151384443671
survival,0 SD,53,5.300000000000001,0.8111910792094188
survival,0 SD,54,5.4,0.8052742484636908
survival,0 SD,55,5.5,0.7994005751034061
survival,0 SD,56,5.6000000000000005,0.7935697443384349
survival,0 SD,57,5.7,0.7877814436747278
survival,0 SD,58,5.800000000000001,0.7820353628975681
survival,0 SD,59,5.9,0.7763311940549467
survival,0 SD,60,6.0,0.7706686314410571
survival,0 SD,61,6.1000000000000005,0.7650473715799123
survival,0 SD,62,6.2,0.7594671132090806
survival,0 SD,63,6.300000000000001,0.7539275572635391
survival,0 SD,64,6.4,0.7484284068596465
survival,0 SD,65,6.5,0.742969367279232
survival,0 SD,66,6.6000000000000005,0.7375501459538001
survival,0 SD,67,6.7,0.7321704524488509
survival,0 SD,68,6.800000000000001,0.7268299984483151
survival,0 SD,69,6.9,0.7215284977391015
survival,0 SD,70,7.0,0.7162656661957587
survival,0 SD,71,7.1000000000000005,0.711041221765247
survival,0 SD,72,7.2,0.7058548844518229
survival,0 SD,73,7.300000000000001,0.7007063763020327
survival,0 SD,74,7.4,0.6955954213898162
survival,0 SD,75,7.5,0.6905217458017192
survival,0 SD,76,7.6000000000000005,0.685485077622213
survival,0 SD,77,7.7,0.6804851469191219
survival,0 SD,78,7.800000000000001,0.6755216857291562
survival,0 SD,79,7.9,0.6705944280435518
survival,0 SD,80,8.0,0.6657031097938135
survival,0 SD,81,8.1,0.6608474688375625
survival,0 SD,82,8.200000000000001,0.6560272449444874
survival,0 SD,83,8.3,0.6512421797823978
survival,0 SD,84,8.4,0.6464920169033795
survival,0 SD,85,8.5,0.64177650173005
survival,0 SD,86,8.6,0.6370953815419151
survival,0 SD,87,8.700000000000001,0.6324484054618251
survival,0 SD,88,8.8,0.6278353244425292
survival,0 SD,89,8.9,0.6232558912533278
survival,0 SD,90,9.0,0.6187098604668234
survival,0 SD,91,9.1,0.6141969884457664
survival,0 SD,92,9.200000000000001,0.6097170333299986
survival,0 SD,93,9.3,0.6052697550234905
survival,0 SD,94,9.4,0.6008549151814738
survival,0 SD,95,9.5,0.5964722771976682
survival,0 SD,96,9.600000000000001,0.5921216061915999
survival,0 SD,97,9.700000000000001,0.587802668996015
survival,0 SD,98,9.8,0.5835152341443814
survival,0 SD,99,9.9,0.5792590718584859
survival,0 SD,100,10.0,0.5750339540361172
survival,+1 SD,0,0.0,1.0
survival,+1 SD,1,0.1,0.9925364143957128
survival,+1 SD,2,0.2,0.9851285339014981
survival,+1 SD,3,0.30000000000000004,0.9777759427574984
survival,+1 SD,4,0.4,0.9704782283069151
survival,+1 SD,5,0.5,0.9632349809728495
survival,+1 SD,6,0.6000000000000001,0.9560457942353147
survival,+1 SD,7,0.7000000000000001,0.9489102646084207
survival,+1 SD,8,0.8,0.9418279916177289
survival,+1 SD,9,0.9,0.9347985777777761
survival,+1 SD,10,1.0,0.9278216285697658
survival,+1 SD,11,1.1,0.9208967524194261
survival,+1 SD,12,1.2000000000000002,0.9140235606750338
survival,+1 SD,13,1.3,0.9072016675856002
survival,+1 SD,14,1.4000000000000001,0.900430690279223
survival,+1 SD,15,1.5,0.8937102487415967
survival,+1 SD,16,1.6,0.8870399657946849
survival,+1 SD,17,1.7000000000000002,0.8804194670755523
survival,+1 SD,18,1.8,0.873848381015353
survival,+1 SD,19,1.9000000000000001,0.8673263388184771
survival,+1 SD,20,2.0,0.8608529744418525
survival,+1 SD,21,2.1,0.8544279245744004
survival,+1 SD,22,2.2,0.8480508286166459
survival,+1 SD,23,2.3000000000000003,0.8417213286604789
survival,+1 SD,24,2.4000000000000004,0.8354390694690671
survival,+1 SD,25,2.5,0.8292036984569187
survival,+1 SD,26,2.6,0.8230148656700939
survival,+1 SD,27,2.7,0.8168722237665642
survival,+1 SD,28,2.8000000000000003,0.810775427996718
survival,+1 SD,29,2.9000000000000004,0.804724136184012
survival,+1 SD,30,3.0,0.7987180087057665
survival,+1 SD,31,3.1,0.7927567084741052
survival,+1 SD,32,3.2,0.7868399009170358
survival,+1 SD,33,3.3000000000000003,0.7809672539596726
survival,+1 SD,34,3.4000000000000004,0.7751384380055996
survival,+1 SD,35,3.5,0.7693531259183712
survival,+1 SD,36,3.6,0.7636109930031535
survival,+1 SD,37,3.7,0.7579117169884998
survival,+1 SD,38,3.8000000000000003,0.7522549780082638
survival,+1 SD,39,3.9000000000000004,0.7466404585836479
survival,+1 SD,40,4.0,0.7410678436053847
survival,+1 SD,41,4.1000000000000005,0.7355368203160513
survival,+1 SD,42,4.2,0.7300470782925172
survival,+1 SD,43,4.3,0.7245983094285213
survival,+1 SD,44,4.4,0.7191902079173798
survival,+1 SD,45,4.5,0.7138224702348234
survival,+1 SD,46,4.6000000000000005,0.7084947951219619
survival,+1 SD,47,4.7,0.7032068835683774
survival,+1 SD,48,4.800000000000001,0.6979584387953407
survival,+1 SD,49,4.9,0.692749166239157
survival,+1 SD,50,5.0,0.6875787735346325
survival,+1 SD,51,5.1000000000000005,0.6775849501798833
survival,+1 SD,52,5.2,0.6677363850982081
survival,+1 SD,53,5.300000000000001,0.6580309669889416
survival,+1 SD,54,5.4,0.648466615238762
survival,+1 SD,55,5.5,0.6390412794756565
survival,+1 SD,56,5.6000000000000005,0.6297529391293689
survival,+1 SD,57,5.7,0.6205996029982384
survival,+1 SD,58,5.800000000000001,0.6115793088223311
survival,+1 SD,59,5.9,0.6026901228627792
survival,+1 SD,60,6.0,0.5939301394872318
survival,+1 SD,61,6.1000000000000005,0.5852974807613325
survival,+1 SD,62,6.2,0.5767902960461344
survival,+1 SD,63,6.300000000000001,0.5684067616013669
survival,+1 SD,64,6.4,0.5601450801944686
survival,+1 SD,65,6.5,0.5520034807153024
survival,+1 SD,66,6.6000000000000005,0.5439802177964718
survival,+1 SD,67,6.7,0.536073571439155
survival,+1 SD,68,6.800000000000001,0.5282818466443776
survival,+1 SD,69,6.9,0.5206033730496447
survival,+1 SD,70,7.0,0.513036504570854
survival,+1 SD,71,7.1000000000000005,0.5055796190494152
survival,+1 SD,72,7.2,0.49823111790449626
survival,+1 SD,73,7.300000000000001,0.4909894257903258
survival,+1 SD,74,7.4,0.483852990258476
survival,+1 SD,75,7.5,0.47682028142505417
survival,+1 SD,76,7.6000000000000005,0.46988979164273137
survival,+1 SD,77,7.7,0.46306003517753885
survival,+1 SD,78,7.800000000000001,0.45632954789036084
survival,+1 SD,79,7.9,0.4496968869230585
survival,+1 SD,80,8.0,0.44316063038915415
survival,+1 SD,81,8.1,0.43671937706901315
survival,+1 SD,82,8.200000000000001,0.4303717461094544
survival,+1 SD,83,8.3,0.424116376727729
survival,+1 SD,84,8.4,0.41795192791979957
survival,+1 SD,85,8.5,0.41187707817286084
survival,+1 SD,86,8.6,0.4058905251820384
survival,+1 SD,87,8.700000000000001,0.39999098557120516
survival,+1 SD,88,8.8,0.3941771946178559
survival,+1 SD,89,8.9,0.38844790598198004
survival,+1 SD,90,9.0,0.3828018914388761
survival,+1 SD,91,9.1,0.37723794061584903
survival,+1 SD,92,9.200000000000001,0.3717548607327346
survival,+1 SD,93,9.3,0.3663514763461961
survival,+1 SD,94,9.4,0.3610266290977361
survival,+1 SD,95,9.5,0.3557791774653718
survival,+1 SD,96,9.600000000000001,0.3506079965189201
survival,+1 SD,97,9.700000000000001,0.3455119776788387
survival,+1 SD,98,9.8,0.34049002847857235
survival,+1 SD,99,9.9,0.3355410723303545
survival,+1 SD,100,10.0,0.3306640482944114
